1403636762.813555479049683,-0.7711572938495765416888617,0.05376926357097430719811371,0.4491781543218597572142414,0.728715029014553317132652,-0.08532692074150775851659745,0.1687728814596985427165521,-0.6581833187491654690859377,0,0,0,0,0,0,0,0,0
1403636762.713555574417114,-0.771004940990896447949865,0.04979491459731118230269686,0.4437766841035311604635183,0.7412884030674511404157556,-0.07942612868764774292085207,0.1634539943057525257508189,-0.6461016193155713072115987,0,0,0,0,0,0,0,0,0
1403636762.563555479049683,-0.7697745787233822856165943,0.04234869910115382496407221,0.4341532129385530236476143,0.7330096320430914413890378,-0.09916796542902540922970189,0.1535606225192828189207717,-0.6551818329971913490439306,0,0,0,0,0,0,0,0,0
1403636762.463555574417114,-0.7677005444327090755152199,0.03780776296313133333359957,0.4287583934727619006110899,0.7156775156844470409112091,-0.1177245964927902677210625,0.1495497009068067761905496,-0.671985079145243635601048,0,0,0,0,0,0,0,0,0
1403636762.313555479049683,-0.7635892859838007140638183,0.03579029988801701867018323,0.4235983010991501429565176,0.7021054716785778415655273,-0.1163154847618762394168002,0.1594947819166245561728346,-0.6841510673875940140575835,0,0,0,0,0,0,0,0,0
1403636762.063555479049683,-0.7580626805263372958165746,0.04257495953468265481589583,0.422977424652354494494233,0.7120290527455301887727046,-0.09195133074739290923726998,0.171456708753685516111176,-0.6746449409068412395029668,0,0,0,0,0,0,0,0,0
1403636761.763555526733398,-0.7520256183450497733389284,0.04951263786009068440518988,0.4203959216243397523093961,0.7220180697743047160130914,-0.08410346002086041550249718,0.1681054593575139199934654,-0.6658377314137589042530863,0,0,0,0,0,0,0,0,0
1403636761.613555431365967,-0.748614475373378662759194,0.05034124361450929840966495,0.4154910199533303205576829,0.711185930991635961717634,-0.09366318042217569583840486,0.1663780123026177004685877,-0.6765690180180575774571139,0,0,0,0,0,0,0,0,0
1403636761.363555431365967,-0.7416877846735155932478278,0.05182855088676119326152048,0.409627537912007844145279,0.7163597124258598292101397,-0.1156523074494871655693018,0.1418359109405454288044268,-0.6732933328487537005813124,0,0,0,0,0,0,0,0,0
1403636761.263555526733398,-0.7386673585474060610422953,0.05054533427914360832478025,0.4070483656732018507007353,0.7167401680805682850916583,-0.1166954679910206377213555,0.140812228814918644070886,-0.6729251938441402902668642,0,0,0,0,0,0,0,0,0
1403636761.163555383682251,-0.7356372486659966680733191,0.04747196027298503789859652,0.405418645207401784347212,0.7145853892847662258702712,-0.1094538944194261703701798,0.1492701732733715536127761,-0.674609886591668206357042,0,0,0,0,0,0,0,0,0
1403636761.063555479049683,-0.7320685676553888576734153,0.0430945111744743744597308,0.4037290192710838443446164,0.7094845117375085941091584,-0.1019559101627400959921843,0.1598317291404043882785402,-0.6787370792997066137886009,0,0,0,0,0,0,0,0,0
1403636760.913555383682251,-0.7278894827001652911846463,0.0368224087293824789424157,0.4028367167183383723561008,0.7051244482122737133877877,-0.09838478064268005307546616,0.1668195520216114446920841,-0.6821178325148405940936414,0,0,0,0,0,0,0,0,0
1403636760.763555526733398,-0.7250295377856079692691083,0.03236486755816984223210753,0.4034892865198667077919481,0.7098755795717943684053353,-0.1035061027684087003875035,0.1604242949863390332865265,-0.6779533150576608768744791,0,0,0,0,0,0,0,0,0
1403636760.663555383682251,-0.723505898535468094934231,0.0291578902764092727506462,0.4044923325474609754337507,0.7123524128204852257084667,-0.09968251095682183204882421,0.1627158866621674637720218,-0.6753780913227660498421301,0,0,0,0,0,0,0,0,0
1403636760.563555479049683,-0.7220028370143233287237194,0.02488574538024720256279565,0.4048486685478100977064742,0.7129100345767935831275963,-0.09202270514848162608068094,0.1696382417209822135450992,-0.6741732695999929081409618,0,0,0,0,0,0,0,0,0
1403636760.013555526733398,-0.713953716284255968105299,0.004152921894526269419589681,0.4086088517059058844438368,0.7171253921081539584037046,-0.09583565745491752496665327,0.1622657009707476893911604,-0.6709792347255971733943625,0,0,0,0,0,0,0,0,0
1403636759.913555383682251,-0.7118067416960572879602864,0.001018188116051256877914177,0.4091927391763124921553185,0.7150324908218945729743155,-0.08901841279836940346026353,0.1691753772023122381895632,-0.6724426707251683899002614,0,0,0,0,0,0,0,0,0
1403636759.713555574417114,-0.7081858140447481186896539,-0.003297967478410698816126967,0.4128086877226735951218473,0.7146830755825888115140287,-0.08596795476939655955561648,0.1734468275371710554999538,-0.6721233269169997193159816,0,0,0,0,0,0,0,0,0
1403636759.063555479049683,-0.6809909664024890174616189,-0.03156267492784948364148434,0.3937292821615618887420851,0.7219906391925757782601636,-0.08724189513743520196786818,0.1724953834151385922979216,-0.664349572977825930664153,0,0,0,0,0,0,0,0,0
1403636758.763555526733398,-0.6527283538689371278351814,-0.03351975605861887835823509,0.3795152736209570498715493,0.7366952177582177796466567,-0.101852067242750476960822,0.1479802429215929526762352,-0.6519239015881821419640119,0,0,0,0,0,0,0,0,0
1403636758.363555431365967,-0.5960392180705919029648499,-0.03792509284046272077794981,0.3669034541932789661444758,0.7149919329291100078549448,-0.08843677376977572557326113,0.1733430807482378988026994,-0.6715020092308412458237399,0,0,0,0,0,0,0,0,0
1403636757.763555526733398,-0.4897761267863774969910651,-0.01832249656605054732860793,0.36302697103083680918445,0.7137398871155974378055475,-0.1276384584720973991434079,0.1643410655483065196946768,-0.6687862752496488427667032,0,0,0,0,0,0,0,0,0
1403636757.213555574417114,-0.389094626225178319423037,-0.02815367345788791567096077,0.3705509964820918322736532,0.7147740516135948629639074,-0.1125208953184706622829836,0.2040011586524674014331282,-0.6594072455060031590079461,0,0,0,0,0,0,0,0,0
1403636756.663555383682251,-0.2937713153600750581873058,-0.02830469091924324442910432,0.3759799441960358090675243,0.7129179159087782879922202,-0.1179810925026529566661537,0.2061648810811735343939688,-0.6597897184595221675706966,0,0,0,0,0,0,0,0,0
1403636756.063555479049683,-0.197830770874396488778757,-0.0263700941522192061627905,0.3709375797408446806535665,0.7152160891605313652874543,-0.1245058518130437857918125,0.2046226984038319596237443,-0.6565762961369583372572833,0,0,0,0,0,0,0,0,0
1403636755.463555574417114,-0.106377698217205718389522,-0.02616839636466915253176779,0.3656321849497504716808294,0.7150028318703890439778093,-0.1328602395710858641297847,0.1903826435513981396585592,-0.6594488629811993130047654,0,0,0,0,0,0,0,0,0
1403636754.863555431365967,-0.0248599453518438887056341,-0.03018152194857834369479122,0.3637565247507810184401933,0.7104945450149438013198733,-0.1382795875428633747272755,0.2287850330967481082833359,-0.6509476822624582492693435,0,0,0,0,0,0,0,0,0
1403636754.263555526733398,0.03226283668797631787317215,-0.015419961225756954187327,0.3582455804925208098232758,0.713629372166569964086591,-0.164753022277902561043561,0.2672582097870937478667486,-0.6262265446969997872983527,0,0,0,0,0,0,0,0,0
1403636753.663555383682251,0.06306826463311637764874718,-0.008973203184281436373126439,0.3467639223448210628042432,0.7190169010210074596045615,-0.1683948389197242878623229,0.2500933294966062314657052,-0.6261860851338417743860987,0,0,0,0,0,0,0,0,0
1403636753.113555431365967,0.06959881978379578448823395,-0.002980442460690545854878897,0.3273793999807639854005004,0.7174518211119866872849116,-0.2356744935204571622655578,0.3109491808096061515875874,-0.5770870494064315181503844,0,0,0,0,0,0,0,0,0
1403636752.613555431365967,0.06222711307839460387336672,0.02404969223115979021221378,0.331886070556906775941286,0.7177262634785751549415522,-0.2910623909186497160206386,0.3885206678247236089518424,-0.499201877145584282935431,0,0,0,0,0,0,0,0,0
1403636751.713555574417114,0.01246298170575860231323873,0.01802848670324504187778558,0.6312053297982026522916499,0.684072540970789733094648,-0.3776710348551657325799624,0.5059015406192128860851653,-0.365337678490675776821206,0,0,0,0,0,0,0,0,0
1403636750.663555383682251,0.07377604814127468324524983,0.1283202785055407857406351,0.6566663926670591733270044,0.6609312744642047432463983,-0.3955645664071749667556332,0.5146440665528674296425038,-0.3766092486412801476625134,0,0,0,0,0,0,0,0,0
1403636749.613555431365967,0.09345478872720387741868109,0.1727420733203566538538354,0.6764816079426226869131256,0.650143231017690892414862,-0.4149419228389797376088666,0.5266399028696518991310427,-0.3574666080040768689762842,0,0,0,0,0,0,0,0,0
1403636748.663555383682251,0.06845295069147425137678908,0.2270163884251018282522949,0.720004907574192554164938,0.6586823725293541320624513,-0.4028067549960726578817116,0.5260487259905547441363183,-0.3565874307623185246463038,0,0,0,0,0,0,0,0,0
1403636747.713555574417114,0.04591231644849445847622604,0.2983634515900762118612022,0.6804071256978632131762197,0.66662872395699734884289,-0.4024546463350121561219908,0.5064822086888951524485947,-0.3702792970714007814159174,0,0,0,0,0,0,0,0,0
1403636746.663555383682251,0.03482951263115960371941071,0.351071457376301687691722,0.650308889786349930695053,0.6693806437152616251040627,-0.4014954492713694866878882,0.5060322885408177207011704,-0.3669572156431991083458399,0,0,0,0,0,0,0,0,0
1403636745.813555479049683,0.1008537076489400274859065,0.4637261063452217113578513,0.3747083308002400747760419,0.7030432336189390563063739,-0.3289618838294151026424572,0.4350818107237780507645653,-0.4563039938159927921823567,0,0,0,0,0,0,0,0,0
1403636745.363555431365967,0.07405185452907692145174678,0.4517477770840743755975666,0.3755808141104220454487006,0.7143863230249600793086984,-0.3269090185536682735545355,0.4194496814769307913017826,-0.4547988840015307343556117,0,0,0,0,0,0,0,0,0
1403636744.863555431365967,0.0366691596605148786847117,0.4002678929075382252555926,0.3611489865740117877201953,0.7081714140259294243406885,-0.3226661647636899221680551,0.443031539265311691266902,-0.4450844621305778403552722,0,0,0,0,0,0,0,0,0
1403636744.313555479049683,-0.01277535314863408391627964,0.3262930864519607010443281,0.3205768969576096028006873,0.7083483642456602780157482,-0.3274509961994712115007644,0.4362610651613543222282487,-0.4479866021222036476245876,0,0,0,0,0,0,0,0,0
1403636743.663555383682251,-0.0794386128843371369656623,0.2784691022548076988485377,0.283291380551764393480596,0.726346451370436518857332,-0.3234754378423237430872916,0.3917183569050859404114817,-0.4629671626833208875062553,0,0,0,0,0,0,0,0,0
1403636743.163555383682251,-0.185491946118411632493661,0.1727271929951201545616613,0.5879891879722358716264807,0.6969179340014793888613553,-0.3697131344911168127076451,0.4618462377386101658238715,-0.4053570761680123646364393,0,0,0,0,0,0,0,0,0
1403636742.663555383682251,-0.1322665614426472846520966,0.2354010453671261104968693,0.2590327971967725795288118,0.7192602780404671047875809,-0.3028238254242516247494166,0.3948022595606376361487833,-0.4848625996054266029666735,0,0,0,0,0,0,0,0,0
1403636742.013555526733398,-0.1535329585370756588780239,0.216013221621048273624055,0.2485776887115069277989221,0.7113664222032212158808306,-0.3242459574242641529018272,0.3972616153627190893615762,-0.4806284300654939944941191,0,0,0,0,0,0,0,0,0
1403636741.463555574417114,-0.2313945664013250802515387,0.08904458498671270760826957,0.5701609436758844351444964,0.6859228858375867599050935,-0.3659972452270503495697085,0.4787276931939863366949339,-0.4078909434282770307689248,0,0,0,0,0,0,0,0,0
1403636740.863555431365967,-0.2434566287320931443627359,0.03443999138948904137347284,0.5905583841763001329283611,0.6852487014829405920224303,-0.355521707976970191555921,0.4747467470536351208387771,-0.4226737916514206050422331,0,0,0,0,0,0,0,0,0
1403636740.413555383682251,-0.2568197441653305435060872,0.002602244709978393868987645,0.5915006476211662755915199,0.6772333992499722787883343,-0.3646537295735203798585644,0.480095523937244583745354,-0.4217701443181435250195932,0,0,0,0,0,0,0,0,0
1403636739.713555574417114,-0.2819367234882138029128384,-0.03390392872900190035512225,0.6017026444377178151512453,0.683070849002556546025744,-0.3597834029890161766651602,0.4762243087157954635202373,-0.4209271850182345064972367,0,0,0,0,0,0,0,0,0
1403636739.263555526733398,-0.2886002903598420266106928,-0.05720264290652714994633854,0.6157366280569785965681717,0.709435571997047098591338,-0.2988358313693461054683098,0.418724539384792759921794,-0.481733809017103553618,0,0,0,0,0,0,0,0,0
1403636738.913555383682251,-0.2922206435895002285541011,-0.07751237113869527406428972,0.6194162639638866041380538,0.7217821572787975759055712,-0.2452687194527867764470841,0.3557302387614095784407198,-0.5406746942846005765659356,0,0,0,0,0,0,0,0,0
1403636738.563555479049683,-0.2887146528427280700590529,-0.0831344914756482478157551,0.620092875426885625778084,0.7199632544953148416411182,-0.2178298150898796414765002,0.3038981695552990802688953,-0.5846781463278165613672854,0,0,0,0,0,0,0,0,0
1403636738.113555431365967,-0.2746086107241360041442135,-0.06241764566548092807440895,0.6244759813596474362640265,0.7218489518926628489836617,-0.2065402489014603326644703,0.2946805283761028682043559,-0.5911329527769304537088146,0,0,0,0,0,0,0,0,0
1403636737.613555431365967,-0.2414393901287958110746246,-0.04100882506593930831861883,0.6251996379948148163663291,0.7147888254978843614040329,-0.2100531403953183606780897,0.2946634931299006998628442,-0.5984376649281155646775687,0,0,0,0,0,0,0,0,0
1403636737.313555479049683,-0.2156297845127518320040849,-0.04082524370678737579698492,0.6144753495569428292100156,0.7088944851048176731822537,-0.2086745103952784563539069,0.3061709830230390227967519,-0.6001520009466934091335588,0,0,0,0,0,0,0,0,0
1403636736.913555383682251,-0.176186182830115778408242,-0.05220487139612754040607356,0.5743907156002333591615638,0.6991290137299585039087901,-0.2192672700257108642230008,0.3067846977087106408177419,-0.6074727739802928683232608,0,0,0,0,0,0,0,0,0
1403636736.563555479049683,-0.1530355165245126103368278,-0.04837131170831665549769696,0.5672303971767779229296025,0.7036863665876517126562817,-0.2215448995092018091845887,0.3114825528274389743188522,-0.5989337681060883378236781,0,0,0,0,0,0,0,0,0
1403636736.263555526733398,-0.1362705077944323106553526,-0.03376798161397844000308766,0.5659640640986499660058939,0.7138656722955677436104338,-0.2282273521387997161635752,0.3252599514676215441966178,-0.5766401280542869933753991,0,0,0,0,0,0,0,0,0
1403636735.763555526733398,-0.1064693848375070084344429,-0.01305436471210885684968162,0.5641674902282493020422294,0.716838681139943201259257,-0.2479682875478055048557025,0.3347557753148441284096748,-0.5590995630226922585848115,0,0,0,0,0,0,0,0,0
1403636735.413555383682251,-0.07615367701158975988207089,0.003923696228005282143902477,0.5692672825938394076672466,0.720250504601768648527127,-0.2424923979381963246026999,0.3252730934734489598447738,-0.5627024042704502626577323,0,0,0,0,0,0,0,0,0
1403636734.913555383682251,-0.02445312148057680184942697,-0.002756457237490578335986635,0.5650651494082569170629426,0.7150467366276256342416673,-0.2431389224719498198812317,0.3246282654309270987447178,-0.5693926881109266924241297,0,0,0,0,0,0,0,0,0
1403636734.463555574417114,0.0323453114933338961578535,-0.001710938045493494343712859,0.5688752088680476548532283,0.7119465074152887540392953,-0.2400641356590740849163979,0.3349804029252442250097488,-0.5685853943734856530412003,0,0,0,0,0,0,0,0,0
1403636734.013555526733398,0.09183220632171565367407595,-0.002311680343482006710909005,0.5745395827640694674798283,0.7059893960103330590172277,-0.2461570595874940370340056,0.3353288146504685984794492,-0.5731842359681299514662101,0,0,0,0,0,0,0,0,0
1403636733.513555526733398,0.1574606107595471760074446,0.0003113636734193995017627721,0.5873607613741579358546119,0.7083704898386022907885717,-0.2431118098977178565434087,0.3376367216006750382462087,-0.5701835638499447300731049,0,0,0,0,0,0,0,0,0
1403636733.113555431365967,0.2080222425064204294642423,0.005245131198852964575507496,0.601465313102504284259453,0.7012023715577052618286302,-0.2406942232618021204615388,0.3472030797860427009382533,-0.5743095822922097415386133,0,0,0,0,0,0,0,0,0
1403636732.763555526733398,0.2407904648296193272916099,0.001134949198312685397782573,0.6111676623909628736086574,0.6901336821305339430665526,-0.240911559989348961208222,0.3563415890200510305341197,-0.5819775156783180136699229,0,0,0,0,0,0,0,0,0
1403636732.463555574417114,0.256009383934394318949046,-0.001835236201746206184670651,0.6206020930897088172528697,0.7015824603138878234886988,-0.2440984415042457000843967,0.3487470669017844748793777,-0.5714660726244138455598431,0,0,0,0,0,0,0,0,0
1403636731.563555479049683,0.2725854739900067658098237,-0.04771510485879978252787836,0.6240921328319527505712472,0.7187151293366008664165179,-0.239376409687406505044649,0.3446042860084697623257455,-0.5544324508781937055346134,0,0,0,0,0,0,0,0,0
1403636731.163555383682251,0.2884970120781898961226375,-0.04697182905903379140921672,0.6227444824238628218182612,0.7320235137596916574764805,-0.232940188349605031836731,0.3381426593360223331607983,-0.5436358326020441777970404,0,0,0,0,0,0,0,0,0
1403636730.763555526733398,0.3179615228974797536132257,-0.03685204805030341257410242,0.6203702211741748406836905,0.7201938081632855981339958,-0.2586327567733796017890313,0.3227788407445728036115895,-0.5569952903593961002215451,0,0,0,0,0,0,0,0,0
1403636730.463555574417114,0.3499338912677993351785233,-0.03712517857965409728837614,0.6199238937302309349064444,0.7150058390482567638457567,-0.2509333976068200411368991,0.3338204694796965132930211,-0.5606807834911150534296098,0,0,0,0,0,0,0,0,0
1403636730.063555479049683,0.4064259555961197145634856,-0.04453428756410950789534908,0.58698290220457338683957,0.7147674914759042374967635,-0.2397613857105180545925549,0.3236381877847331334230319,-0.5717343966437743452146947,0,0,0,0,0,0,0,0,0
1403636729.563555479049683,0.4979116883412282312804109,-0.04803573371919341028490891,0.5668357610366439036653219,0.7140508470426425446930807,-0.2177299423867470051785489,0.3039385920444609978652295,-0.591900698308450712303852,0,0,0,0,0,0,0,0,0
1403636729.263555526733398,0.5331440182430623453413432,-0.05524511847710638495767554,0.5735439942752437181283653,0.7130537447798162009604539,-0.2211399659937985651136927,0.3070575681366942699668243,-0.5902262860087764684280387,0,0,0,0,0,0,0,0,0
1403636728.513555526733398,0.6280003415898676166762016,-0.05645556960062152879187281,0.5640768889261874585727696,0.7286734504620849817158046,-0.2364172859609120491697354,0.3188927767918856015505469,-0.558076455346386501865652,0,0,0,0,0,0,0,0,0
1403636727.513555526733398,0.7045761680532679482880098,-0.02096921535164715175159067,0.6065445068254730065504532,0.7139114299479980552121106,-0.2497215557486634207595699,0.3154277878364005749389776,-0.5731273161928273074394724,0,0,0,0,0,0,0,0,0
1403636727.013555526733398,0.7300189992816301653988376,0.005954154224061969195858079,0.6236846445837547214807728,0.726443471671080365226203,-0.2309158903517111449676946,0.3046531154026671517343061,-0.5710903755870307962894117,0,0,0,0,0,0,0,0,0
1403636726.513555526733398,0.7487820451630293749900602,0.02998978635375418658193247,0.639758401702762102836175,0.7306642929546864895229419,-0.2264859454885135570112453,0.2796805459724313047686906,-0.5801832083166893472281345,0,0,0,0,0,0,0,0,0
1403636725.513555526733398,0.7928056403892562720159276,0.01801950385239675656023906,0.6609958790104569770207377,0.7336633142748160141266567,-0.2348160541779485965818708,0.2756647896086768523282728,-0.5749855639571994636582986,0,0,0,0,0,0,0,0,0
1403636724.913555383682251,0.8364929094823031485717024,0.05221291194101482235900846,0.6895376319216144356261111,0.7334077622836779886128511,-0.2228101781020347671447013,0.25097553847926967751647,-0.5911682407995803023581516,0,0,0,0,0,0,0,0,0
1403636724.363555431365967,0.8723334265338745785456354,0.05110089914962331197889611,0.7218257381088178936678901,0.7349004695502685535757337,-0.1989788795145642219530657,0.214615845365920182574726,-0.611775000999153606429104,0,0,0,0,0,0,0,0,0
1403636723.113555431365967,0.960418536790373589262515,0.01864704841828138115467084,0.8111863977876730968930019,0.7250841828292705626424208,-0.1216905223990465828576291,0.1514439871674452819938494,-0.6606880854470834618652475,0,0,0,0,0,0,0,0,0
1403636722.513555526733398,0.9869788812372041197917838,0.001099603939302945532219269,0.8471950392270745089362549,0.7229793667729892403528424,-0.1145102300287915153553797,0.1447761288720968708698678,-0.6657535535048421104775684,0,0,0,0,0,0,0,0,0
1403636720.413555383682251,1.001095708409727169652115,-0.04717717563715663475765183,0.9563277545619733865933654,0.6916390258045288508270687,0.03775080653460674562360566,-0.04154899200121769248239545,-0.7200583381124262549732862,0,0,0,0,0,0,0,0,0
1403636719.613555431365967,1.05160451174567315391073,-0.07955851063497364206167362,1.017721114448474128977296,0.6867994817172589083753564,0.05740100185740876909123998,-0.03626943179770950043128153,-0.7236685334153690751790577,0,0,0,0,0,0,0,0,0
1403636718.663555383682251,1.132721506392956323239218,-0.1217217405712927302818827,1.075117608889142095662805,0.6992375145638095590427952,0.03483866017034639023242093,-0.03573733892871047007622209,-0.7131451437803203452503453,0,0,0,0,0,0,0,0,0
1403636717.913555383682251,1.205406359707251739976641,-0.146975720598758435864184,1.112739607068974123649241,0.7000033800437879261124863,-0.05121044665644264998194402,0.05971808404414318677266849,-0.7097932776989656078470148,0,0,0,0,0,0,0,0,0
1403636717.363555431365967,1.236987939116861889843335,-0.1617806331451414336708439,1.152861397656728570382256,0.7096091950785908819554493,-0.06322566140692752190144432,0.07458656170788209582855899,-0.6977780313455778093967297,0,0,0,0,0,0,0,0,0
1403636716.963555574417114,1.249940719896486474027597,-0.1638281423695821248376348,1.178462523568298392362408,0.7328362124796238274981874,-0.1018606012311017716687189,0.1209988825196867817668434,-0.6617664031574385097300706,0,0,0,0,0,0,0,0,0
1403636716.513555526733398,1.262921649030830373305889,-0.1804476205976761338245495,1.203945404311032696398343,0.7405617511823960885664064,-0.1342927504447966602363351,0.1557113293429421285729575,-0.6397559972821761364869531,0,0,0,0,0,0,0,0,0
1403636715.313555479049683,1.306111087206954346484622,-0.1874193850890564505551339,1.262979471085243332595383,0.7356589616946650478368497,-0.1430441137267451368053628,0.1283551379355252763936335,-0.6495146185697338037101645,0,0,0,0,0,0,0,0,0
1403636714.913555383682251,1.327054722309639611665943,-0.1760379705402599082031401,1.278123904038516611691989,0.7444593032310430347209262,-0.1837319065170239240636363,0.1717835625271865174212849,-0.6184766202698717130203931,0,0,0,0,0,0,0,0,0
1403636714.463555574417114,1.358712513238486296884844,-0.1848819685202006124491447,1.299862072213901820205706,0.7503264745854330008967281,-0.2162785311056019954545349,0.2332800672708716938075213,-0.5794947668883746461077067,0,0,0,0,0,0,0,0,0
1403636714.013555526733398,1.406284357024696118898532,-0.1899618883597296303822333,1.331065070854057674765158,0.7507722333182677010299244,-0.2060075514513666772309364,0.2327048819718459948813205,-0.5828811041763840572471622,0,0,0,0,0,0,0,0,0
1403636713.513555526733398,1.471245781166321542343667,-0.1773698501977225006065453,1.364477125386490463654354,0.7417141147965503611416693,-0.2000136116623860982333127,0.2333707086413666920154952,-0.5961483434160255168166032,0,0,0,0,0,0,0,0,0
1403636713.113555431365967,1.524839819906023796747263,-0.160799169363859878467693,1.381589777047027345346919,0.7334747279301168099152619,-0.1975807299845752929012832,0.2414629633131142594226759,-0.6038810638854515966400527,0,0,0,0,0,0,0,0,0
1403636712.663555383682251,1.576994521486924094588744,-0.1460687603481577168107464,1.384727860122591858171859,0.7278780594291081040836389,-0.2080134800852549148419968,0.2565061348345720193542263,-0.6009397161616930604921549,0,0,0,0,0,0,0,0,0
1403636712.213555574417114,1.615954538108572036136934,-0.1124261274022549522699777,1.375595648390817160588995,0.7450304047026314879786923,-0.2374515347716190938331948,0.2800612248250322622311614,-0.5568771870292528181067837,0,0,0,0,0,0,0,0,0
1403636711.763555526733398,1.649545544716296108234133,-0.09493352140673819161698077,1.351749570366605146531924,0.7199401234589201115099399,-0.2404258210920268146182366,0.2911209425283780016791013,-0.5823488981202595837771696,0,0,0,0,0,0,0,0,0
1403636711.413555383682251,1.662055518640581208700269,-0.08038731047425812237250398,1.324552416632522655604021,0.7288798197852742744018428,-0.247505520298077291707628,0.271622287146022600712314,-0.5776647577152649315479493,0,0,0,0,0,0,0,0,0
1403636711.063555479049683,1.661164431494701831937277,-0.06842150952702447108677575,1.288918608506629759347106,0.7308975271917254046272205,-0.2641020437653685548617943,0.2764073318899140097038014,-0.5653652694220985264195178,0,0,0,0,0,0,0,0,0
1403636710.663555383682251,1.646715318052643484136865,-0.06461936193859962873631275,1.236200090756402802938396,0.7458000168703319276986008,-0.2898691133044620782399647,0.3212951358730410933439714,-0.5064856036024286689567475,0,0,0,0,0,0,0,0,0
1403636710.263555526733398,1.632561559351835223097282,-0.0655762395791886498752632,1.175513977685279431995014,0.7171680360215227922893177,-0.336378198968924457812335,0.3379216465020677961916817,-0.5082604465464001242125391,0,0,0,0,0,0,0,0,0
1403636709.813555479049683,1.612932553393923829077039,-0.05025626548542297400423706,1.118880637294305868678634,0.7163929862125875125400398,-0.3459596472225716090598269,0.3389637506404619138322687,-0.5021917986291138946697288,0,0,0,0,0,0,0,0,0
1403636709.513555526733398,1.594593047764194082560607,-0.04437400651305464099882769,1.087106310965620270536647,0.7145353882099622078172274,-0.3450366350755888489310053,0.3443562298436555479952403,-0.5018044205340564944961557,0,0,0,0,0,0,0,0,0
1403636709.163555383682251,1.566060855544012975215651,-0.03104489697673797760080205,1.058143592591989978757283,0.7105035606478586895917715,-0.3321049675075464224782706,0.3549621534631260955094945,-0.5088151504679382375329055,0,0,0,0,0,0,0,0,0
1403636708.813555479049683,1.523937886904198624193896,-0.02751418714915634597395488,1.029387981797747153578371,0.7220943979997667128145622,-0.3232499042260058574882464,0.343796279342360344699614,-0.5058589718354011832701644,0,0,0,0,0,0,0,0,0
1403636708.513555526733398,1.482655401801117767135452,-0.01828249171492439192898694,1.001473187072866366520429,0.7472487540442699360809797,-0.3028873236686472347756194,0.341463954058080887410398,-0.4829916587212045864241361,0,0,0,0,0,0,0,0,0
1403636708.113555431365967,1.424115164884557804825249,-0.02073977190219845889718187,0.9488734924120811875525305,0.7333836869221310728050867,-0.3311213273223050923554922,0.3301186937188896330930277,-0.4934862490551493174884001,0,0,0,0,0,0,0,0,0
1403636707.763555526733398,1.37874018308173251767812,-0.005567726134366110524176463,0.9029401354691769521210176,0.7380708105572939548011391,-0.3381360471326478323028653,0.3257517517504140980300065,-0.4845629980554613802645747,0,0,0,0,0,0,0,0,0
1403636707.413555383682251,1.336046257096474398906594,0.02389640855394022100899321,0.8657703793816781123737769,0.7249817008169624488189697,-0.3448336414173448494224772,0.3262665781990097824127872,-0.499040492376366939808463,0,0,0,0,0,0,0,0,0
1403636707.113555431365967,1.299620692457009951681357,0.04251886972904080075341682,0.8378310893432093786614701,0.726423848675394667750993,-0.3371445982557356724207409,0.3234989275906869909960051,-0.503974557444289761320988,0,0,0,0,0,0,0,0,0
1403636706.813555479049683,1.262514508483949526862489,0.05545214244152007337929078,0.8113614615464631585339816,0.7289421668785953656310994,-0.3364624957078198863591467,0.31451090345529492120491,-0.5064772339307621606963039,0,0,0,0,0,0,0,0,0
1403636706.563555479049683,1.231901322420206668084575,0.06006519726442065276739157,0.7920739852920594126217679,0.7257545576317729896231867,-0.3300634592162492442213306,0.3211799218299175584512284,-0.5110595767897123664624814,0,0,0,0,0,0,0,0,0
1403636706.313555479049683,1.199151246452311747603403,0.06050671919609310056564766,0.7712117717219270085493577,0.7330380180928451894217801,-0.3153756687983692019727755,0.3317060313363217605164834,-0.5031546116421518055616957,0,0,0,0,0,0,0,0,0
1403636705.963555574417114,1.151103509093262422524617,0.06773337768199839958871422,0.7414944525850143408618464,0.7365757434900206401806599,-0.3211310914432091156989202,0.3285559908552380115054348,-0.4963687662437282765992563,0,0,0,0,0,0,0,0,0
1403636705.713555574417114,1.117787172524575822762927,0.0683868030458729264653428,0.7181775315745907439790585,0.7324391425712374337209098,-0.3396163948121225795162559,0.3136354760561518295602923,-0.4998263545869381374586737,0,0,0,0,0,0,0,0,0
1403636705.413555383682251,1.079631371841047071669095,0.07126202588231088375092526,0.6931742477303952654210661,0.7284834357670704196863198,-0.3337999937250617499273631,0.3204826943359362356744668,-0.505153744822132377834123,0,0,0,0,0,0,0,0,0
1403636705.213555574417114,1.054486382248688958185312,0.07208991490211517916275596,0.6803523106170065171127703,0.733062498466724998813504,-0.3408557776693904028952886,0.3113958140373591088057026,-0.4994690846055941935155431,0,0,0,0,0,0,0,0,0
1403636704.963555574417114,1.026135003637784315344561,0.06899813088485473588917785,0.6665213768636577551518485,0.7423179943942715963700607,-0.3494591225966032776995007,0.297740051475744282871716,-0.4880503916067771563724875,0,0,0,0,0,0,0,0,0
1403636704.763555526733398,1.00636759191772551247368,0.0663647540298012983406295,0.6607364740748047360341388,0.7378986743830089345408396,-0.3442157810969149189794791,0.3090944522606654532026482,-0.491407841012264146041133,0,0,0,0,0,0,0,0,0
1403636704.513555526733398,0.9854560798109234243113974,0.06726669832936382764643213,0.6594223432285775121641791,0.7365199698071795975096165,-0.3355401262299925746468432,0.3202371819515580364523544,-0.492340635326982134500895,0,0,0,0,0,0,0,0,0
1403636704.313555479049683,0.9701235958521047253455549,0.0647544644007684577768913,0.6597889853670895199400093,0.7376046736913766110887991,-0.3288066421084868684587832,0.3279896086457324555496484,-0.4901513644886270060219147,0,0,0,0,0,0,0,0,0
1403636704.013555526733398,0.9466210015353312412500486,0.05653729444633340261994192,0.6591081214610177152479764,0.7358442946511559723532514,-0.3214310400300718351118689,0.3411328101041757321354453,-0.4887163459675764043410595,0,0,0,0,0,0,0,0,0
1403636703.813555479049683,0.9348243618592646519971368,0.0544134114279668720803862,0.6587506113000901608600657,0.7323678357159371099527334,-0.3305723363295941519268695,0.3374914402025280812935648,-0.4903659987926426433446636,0,0,0,0,0,0,0,0,0
1403636703.613555431365967,0.9204611095587703628595477,0.05531703957684463990318591,0.6603715254290588587693378,0.7312428957780049421089075,-0.3322217838328216377163926,0.3388583340696198487052015,-0.4899872828452933593013086,0,0,0,0,0,0,0,0,0
1403636703.363555431365967,0.9025793967392556904627554,0.05703378386537729521910123,0.6610618223466943055299794,0.7435727509466795170922637,-0.3152405841164220290373521,0.3470539194716715791777517,-0.4767352606890311039755659,0,0,0,0,0,0,0,0,0
1403636703.063555479049683,0.8814990173909135195984277,0.04465406540603026469549164,0.6549126838275443063253078,0.7341421813934987383731823,-0.3443486745575048968426302,0.3281029249449071150124269,-0.4845696377083054118273253,0,0,0,0,0,0,0,0,0
1403636702.863555431365967,0.8684753631660712125395207,0.03117814939451292802208293,0.6495791065588908397288037,0.7321817587500432100711123,-0.3493468343578554069495112,0.3260517006963636332805834,-0.4853421011003953289275614,0,0,0,0,0,0,0,0,0
1403636702.713555574417114,0.8600585122315751451793631,0.0194576902918555116883681,0.6463826095104028279791919,0.7318811297464905551990455,-0.3455668134188313866950182,0.3289639508819757751645341,-0.4865350120866056005120015,0,0,0,0,0,0,0,0,0
1403636702.463555574417114,0.8481549787293749531613685,0.002684487927781577416841419,0.6464635405920660105039133,0.7357990455820018205201904,-0.3300728472764667409400374,0.3287458935305139773319638,-0.4915056751503061316377341,0,0,0,0,0,0,0,0,0
1403636702.213555574417114,0.8392227003587201528134187,-0.01120165302152340176811141,0.6508219319955603765492924,0.7417335568826006753084812,-0.3001054537757710805045974,0.3158291952750142961292568,-0.5099215257518738830810889,0,0,0,0,0,0,0,0,0
1403636701.863555431365967,0.8290723973706010108131181,-0.02472884045681110476433417,0.6608601200301152944760474,0.7443166479954713699029867,-0.261667304167790437663399,0.2725389464390503557744694,-0.5506772860784369116871062,0,0,0,0,0,0,0,0,0
1403636701.463555574417114,0.8113005643040867020943097,-0.02495484625546701487608381,0.6721155523934349007575406,0.749496245583894049602236,-0.267922200992752435055877,0.2586820841504938739419117,-0.5473176982658067846188032,0,0,0,0,0,0,0,0,0
1403636701.063555479049683,0.7971112101286177420433887,-0.02861504462148662525367016,0.6856811311399534369925846,0.7498783753623445846869799,-0.2677124722827609604181021,0.2684634937101600393738465,-0.5421621513035779216238552,0,0,0,0,0,0,0,0,0
1403636700.713555574417114,0.7901351923678393562866518,-0.05007610075207497013494162,0.6953264443996521881885542,0.7509155726916584283614498,-0.2420507431831829259216704,0.2666627831492197620022466,-0.5535595783392019963997654,0,0,0,0,0,0,0,0,0
1403636700.413555383682251,0.786285784846401547554251,-0.07372388689341712042502053,0.6997935606418846932186284,0.7635442551799686006219758,-0.2223990260894705695005058,0.2340900086796142420819677,-0.5592322508183636964318453,0,0,0,0,0,0,0,0,0
1403636700.063555479049683,0.7849092251513685170039025,-0.09356903555843144870696193,0.7033765902681631265735973,0.759255962795307492996244,-0.2144077819812488239215043,0.2277836405410657016901155,-0.5706788260280533098267597,0,0,0,0,0,0,0,0,0
1403636699.763555526733398,0.7922763606282261505953102,-0.1021445064788387008247739,0.7103540014749637476754174,0.7673927488927139162200319,-0.193789968322254424482054,0.1969377066101244133644599,-0.5785925745076475612549416,0,0,0,0,0,0,0,0,0
1403636699.463555574417114,0.8086519285539285339936555,-0.1074736164922448361513929,0.7249397015485045114857598,0.7617847737277291253477074,-0.1457459104919906767161564,0.1451410665321673232330824,-0.6143094914952019758302981,0,0,0,0,0,0,0,0,0
1403636699.013555526733398,0.8461169968804913565918469,-0.122748790727994994131933,0.7467523062065111183471799,0.7257683812656525734752222,-0.06673408781904843767307511,0.06221452871424010960810236,-0.6818622778477304580135865,0,0,0,0,0,0,0,0,0
1403636698.713555574417114,0.8724203860117225595161017,-0.1430352166152578097246817,0.7608183303279102416283308,0.7021444512527462711304338,-0.01017680460007044408732302,0.006950468304473332407933395,-0.7119278652153505637656394,0,0,0,0,0,0,0,0,0
1403636698.413555383682251,0.8966336982684155465506137,-0.1602973200101345807588871,0.7765377675612664676307872,0.6815507137249534608258728,0.03833981508977948871041974,-0.03716441511844589123958471,-0.7298201788695914959959055,0,0,0,0,0,0,0,0,0
1403636697.913555383682251,0.9303011534763685475013517,-0.1735500957255787513044964,0.8042788200673021137276919,0.6586657193437107649103268,0.07969264093180504493485472,-0.07837584518202722616564415,-0.7440872057577012643747594,0,0,0,0,0,0,0,0,0
1403636697.663555383682251,0.9425064229071244970015186,-0.1719247965615711692954903,0.8228134550928154489213284,0.6403188910118282617389696,0.1136361652201925420690998,-0.1106213079660753606514589,-0.751559366992602395640688,0,0,0,0,0,0,0,0,0
1403636697.363555431365967,0.9552946607047788640798558,-0.1661882631958063183397201,0.840595639251810355929706,0.6238303599951857680849798,0.125216162456192214857964,-0.1062363966674690907154854,-0.7641141439910822397152401,0,0,0,0,0,0,0,0,0
1403636696.913555383682251,0.9630372552089202509151278,-0.1673023322535835688551487,0.8503705712212700218444184,0.6431904085484444477671673,0.1334032918482589979980446,-0.1153542607615631043760374,-0.7451195006327490100161981,0,0,0,0,0,0,0,0,0
1403636696.113555431365967,0.9603826166840516709299891,-0.1757610067417720578486495,0.8334603911545294119278537,0.6390324352122361828421049,0.1218882064363654843530682,-0.1302472173606899208397891,-0.748208867867819371610949,0,0,0,0,0,0,0,0,0
1403636695.663555383682251,0.9533505704527426294347947,-0.1761082961311731531761637,0.8183801310422802455235569,0.6353746824341572896344132,0.1348291352309549939736399,-0.1226015442655760262491427,-0.7503925516249844163141347,0,0,0,0,0,0,0,0,0
1403636695.113555431365967,0.9401203693754537349391853,-0.1610220723799551389987528,0.7995448217558550618733193,0.6470832843551042046215116,0.1389194587234286737409406,-0.1413153635916272743422439,-0.7362163908918453181229324,0,0,0,0,0,0,0,0,0
1403636694.563555479049683,0.9321381580110823517060226,-0.1617546427499844674535723,0.773254942357529229113311,0.6352084221159144394874829,0.1399906795210121013273152,-0.1416734911895009274562796,-0.7462181265129319562845467,0,0,0,0,0,0,0,0,0
1403636693.963555574417114,0.9458357205190135452710365,-0.1529900723257218708717176,0.7207152282878603877236401,0.6349255176532988542703606,0.1353209845616673012713704,-0.1530410348548675025792676,-0.7450746821136218223102787,0,0,0,0,0,0,0,0,0
1403636693.613555431365967,0.928806266197716556831665,-0.1386153309051333104573445,0.7205060701612006068828009,0.6322382434981932419759687,0.107831059769873144338348,-0.1709639812749319254248093,-0.7479428979350134509829218,0,0,0,0,0,0,0,0,0
1403636693.163555383682251,0.9081249928653704062142538,-0.1271692592434145452351402,0.7185989156197136740189535,0.6228821305098181104753507,0.1320170647698139798631445,-0.1359705821306073925125446,-0.75901342157662998744172,0,0,0,0,0,0,0,0,0
1403636692.763555526733398,0.8639711234372560166860922,-0.09018520831079773758531815,0.7596345997832577578989799,0.6268662495306897008973124,0.1380672184910266830915049,-0.1297916373739801398912164,-0.7557316280468276969983776,0,0,0,0,0,0,0,0,0
1403636692.263555526733398,0.8052608480322771544734906,-0.05617317065355673100235379,0.7855974297098301528663455,0.6324732700400946816543524,0.1512390061605697888502675,-0.1352016919401911598797028,-0.747545873420494055849872,0,0,0,0,0,0,0,0,0
1403636691.863555431365967,0.7589952751708766154337127,-0.04122541031121793042579782,0.7930287184061866057049883,0.6312878249350528658823123,0.1501160448062047181316814,-0.1443330206510755331361651,-0.7470668198859848896375979,0,0,0,0,0,0,0,0,0
1403636691.513555526733398,0.7221685070275334350498042,-0.01991248288078255324062837,0.795869715463586535619811,0.6496995009669259690809895,0.1666496792170246987740967,-0.1379001634032988032885214,-0.7287674522606367721877518,0,0,0,0,0,0,0,0,0
1403636691.213555574417114,0.6977005316435209714143184,-0.005100441851487703959211473,0.7879871644838623012674361,0.6803211936152285810308626,0.18569477470295681076351,-0.1350041261644255308205231,-0.6960275940234714742160804,0,0,0,0,0,0,0,0,0
1403636690.963555574417114,0.688369218126323456630189,0.0009525722366408792551872864,0.7729008803051777842796355,0.686884144352710834802167,0.1589278412996417699787344,-0.1614862366494352607926288,-0.6905463901886680355701742,0,0,0,0,0,0,0,0,0
1403636690.713555574417114,0.6906504946054727867021938,-0.002001277145416282404744024,0.7555334691509139055654032,0.6638731286034238454618617,0.1335991900395244458277233,-0.1695278333703037487723009,-0.7160195908367851247433578,0,0,0,0,0,0,0,0,0
1403636690.463555574417114,0.6974738838906879845325193,0.003370516706903199655176451,0.7441922048776814513360023,0.6444055022300467783225031,0.1225452802049653983074151,-0.1644937213486370175541396,-0.7366587077457759091814182,0,0,0,0,0,0,0,0,0
1403636690.113555431365967,0.7109393698475241496481658,0.01514506359377169528168672,0.7393515082955969264233431,0.6557826545777980520313122,0.1239045353698578627588134,-0.1745070153059922468674614,-0.7239779526324411351723143,0,0,0,0,0,0,0,0,0
1403636689.813555479049683,0.7257868643644194150965632,0.01927815803641302894178011,0.7426829842468460896043325,0.6490802356385890758971868,0.1207254013389042063275625,-0.1778952937502776554534734,-0.7297078053732900526640037,0,0,0,0,0,0,0,0,0
1403636689.563555479049683,0.7409362554672334066907524,0.02351152646222666106612387,0.7499791487871410033960728,0.6408730217176809018653216,0.1294779436838944808307872,-0.1596201323572007946260953,-0.739620611710842257302545,0,0,0,0,0,0,0,0,0
1403636689.163555383682251,0.7679341588482149205674432,0.02275893645148397564925702,0.7680892207694530737782657,0.6444991507009183440146671,0.1210911824606921843860974,-0.1433132747760310909956871,-0.7412280733818844558058458,0,0,0,0,0,0,0,0,0
1403636688.813555479049683,0.789396487427588500196407,0.004676376429914051724434643,0.7819939373067013033136163,0.6409472421846843515069736,0.1099065576751190043136575,-0.11507047121929318833633,-0.7509101106646125511900891,0,0,0,0,0,0,0,0,0
1403636688.463555574417114,0.8086433265747707821446966,-0.01638348044180251705803641,0.7962530490976982289197394,0.6522574978017390279205756,0.1145256447272396255199212,-0.11458453038861855788344,-0.7404825537521074751978745,0,0,0,0,0,0,0,0,0
1403636688.163555383682251,0.8218239635129986897510435,-0.03396222430508890471889671,0.8113518191875570551019337,0.6480527607058925720906473,0.1158549175100335865140622,-0.1104488331162596093104611,-0.744584649258163921992093,0,0,0,0,0,0,0,0,0
1403636687.863555431365967,0.8350161665107008746034012,-0.05521213296306817785996657,0.8249548850227489404929315,0.6569174980875731595375555,0.1188719972709389310905337,-0.1115117160919918970485298,-0.7361345007184536548550113,0,0,0,0,0,0,0,0,0
1403636687.563555479049683,0.8519462660575360946069168,-0.07395407335255896330572511,0.8397056501207310619250279,0.6559037593212997396818764,0.1159047662014318497147869,-0.1095363156425916556502287,-0.7378062898014224879617018,0,0,0,0,0,0,0,0,0
1403636687.263555526733398,0.8707526930870952419638797,-0.08361329646803458692794209,0.8621892683008899327390395,0.656998030989302650439754,0.1101612244999851109028555,-0.1117167111011200669734578,-0.7373855721231539206428351,0,0,0,0,0,0,0,0,0
1403636686.913555383682251,0.8955556935217527936288207,-0.08801282461954747227128593,0.8944894313602309576793914,0.6557276658410605696403195,0.1036566379571186025110308,-0.1120045464046265232260779,-0.7394129529724637883703053,0,0,0,0,0,0,0,0,0
1403636686.613555431365967,0.9196980865225834467224786,-0.1006670176929254367781397,0.919477046883948490041405,0.6546750727943310144141265,0.09641599468301714770390731,-0.1139435973259045054017946,-0.741027238611471017470933,0,0,0,0,0,0,0,0,0
1403636686.363555431365967,0.9428699816428085522801439,-0.1074956592248679787537924,0.9485988294249002583669039,0.6564051459211426298168135,0.09969973390986018590975704,-0.1099904625987986467317015,-0.7396582602283420238009626,0,0,0,0,0,0,0,0,0
1403636686.063555479049683,0.9722438808338085269866724,-0.1195003488103933281250235,0.9880490320591935882177381,0.6519121179977757085666212,0.1035215413639865855710553,-0.1032303298602911673098603,-0.7440681399776171156545956,0,0,0,0,0,0,0,0,0
1403636685.763555526733398,1.002872977897121264945213,-0.1391913793997221759912719,1.024505642616049039261839,0.6487687872989714721327914,0.1057103207553378998451166,-0.09751841797068176720397759,-0.7472714100542814374961154,0,0,0,0,0,0,0,0,0
1403636685.513555526733398,1.022292685948578361276873,-0.1492201599523690080939531,1.056258702905754409684391,0.6473055030453660485534328,0.1051393135686405078121908,-0.09796153708563715145629658,-0.7485618605377876155770878,0,0,0,0,0,0,0,0,0
1403636685.263555526733398,1.041091550632231799156102,-0.1555723264657129234489474,1.088294972497728219096302,0.6452153122994989109528774,0.1096313334941879380490803,-0.09863124338295606308157915,-0.7496332729559193053248123,0,0,0,0,0,0,0,0,0
1403636684.713555574417114,1.089148266165005596306514,-0.1641949274237898548367554,1.170484007548746374638426,0.659601519788514667474999,0.1306539386529087520827375,-0.09481964177428996165541975,-0.7340739953278886398280179,0,0,0,0,0,0,0,0,0
1403636684.463555574417114,1.106203174125758303958378,-0.1640317268088304358819585,1.204255845923463796864894,0.65452728063966503224691,0.1251650311410930915823059,-0.08845489884825592785677628,-0.7403401280553255636718291,0,0,0,0,0,0,0,0,0
1403636684.213555574417114,1.120194339561410901140448,-0.1626298102942436152318351,1.233291532733034046032117,0.6548202635296099805017889,0.1129410347089641331042031,-0.0852725124332727874021387,-0.742417250849704113413452,0,0,0,0,0,0,0,0,0
1403636683.913555383682251,1.134136453610626427135344,-0.1566104242143341318538319,1.28211756341310123552546,0.6567124686892005236416026,0.1005498489161566894045663,-0.07749956030083919589213082,-0.7433789673480051263254609,0,0,0,0,0,0,0,0,0
1403636683.663555383682251,1.139221963152442507194451,-0.1566253393247151737277534,1.29439470761872565951478,0.658076588684638141835137,0.1019697825478193820014639,-0.05416012884435983387731994,-0.744045719369521352248853,0,0,0,0,0,0,0,0,0
1403636683.413555383682251,1.142241738213795709810938,-0.1517484988066114537375029,1.316450705056761982802982,0.6594575998889014023518484,0.09973790208688716740770275,-0.03362971368325195359316737,-0.7443366652906965308389431,0,0,0,0,0,0,0,0,0
1403636683.163555383682251,1.139078931236380487490578,-0.155155557515352177100354,1.296190184922234589492973,0.6562490585374446405708682,0.08625917010658236405706845,-0.01155712409516924249475167,-0.7495084752774183733947666,0,0,0,0,0,0,0,0,0
1403636682.713555574417114,1.173828590040959074514149,-0.1623087653914202233007558,1.344696661264294323956392,0.6595724302117564885605816,0.08010337332651691621965284,-0.01197532024786642640412637,-0.7472645092554570656062651,0,0,0,0,0,0,0,0,0
1403636682.313555479049683,1.221883273993112473121414,-0.175367776197635549806364,1.374607083117386219228706,0.660137279472784777034633,0.07355593733775787901318921,-0.02116433111583129744737164,-0.7472351541296766708200039,0,0,0,0,0,0,0,0,0
1403636682.063555479049683,1.458300976548227767537469,-0.2099210469206848617140793,1.528924085323323245333427,0.6452719065989960256501945,0.1456397882783545261187186,-0.07591758746120665091172697,-0.7460896164673711528081412,0,0,0,0,0,0,0,0,0
1403636681.763555526733398,1.453487824978743514492407,-0.212255388433787217650206,1.511382386942571764976151,0.6469082762338816960934196,0.1236072065943070730220654,-0.05697157273921402143024295,-0.7503234018459852272542321,0,0,0,0,0,0,0,0,0
1403636681.513555526733398,1.457113566802745285855281,-0.210650775986634841707712,1.516597662283211578326814,0.6527903042878859807274239,0.11347138532676252775655,-0.04661558851947986137354007,-0.7475400180446546416490605,0,0,0,0,0,0,0,0,0
1403636681.013555526733398,1.460362812727303172266602,-0.2092905173692116982397948,1.517413624222730517132618,0.6647032381999883332568402,0.08258913945169529813306042,-0.04202990129248982548171298,-0.7413380891388090532245769,0,0,0,0,0,0,0,0,0
1403636680.763555526733398,1.461618118317092429592208,-0.2102660653504521692802598,1.531026643035090062383574,0.6333874579382084979428669,0.08739051413491515096776396,-0.001649892386612739460585719,-0.7688826269131592283656573,0,0,0,0,0,0,0,0,0
1403636680.563555479049683,1.459854647968603202912163,-0.2134403461625616338359634,1.523958268739143084857801,0.6184350693960262157489183,0.0804939919031971290452887,0.01131287905232726022364265,-0.7816206236118724559602811,0,0,0,0,0,0,0,0,0
1403636680.313555479049683,1.441967958182865272576123,-0.2144536339869067276264758,1.595019916162387252356325,0.626947602985752805437869,0.08785382088290533131313964,0.02041960342866257216432047,-0.7738226318636423073371589,0,0,0,0,0,0,0,0,0
1403636680.113555431365967,1.465415269550730537062577,-0.2093188257079304226415672,1.557607749061986623928533,0.6318311493683270718690892,0.09086371191837608329855414,0.004391804131067413886901907,-0.7697492406697030720152952,0,0,0,0,0,0,0,0,0
1403636679.763555526733398,1.464545019504014611300136,-0.2056417164938481312308483,1.535400561160403354321602,0.6621833118703078779887505,0.06972712841208492107192285,-0.01971496892098158204564839,-0.7458302173211963648213896,0,0,0,0,0,0,0,0,0
1403636679.413555383682251,1.461071212007289954470934,-0.2055802245290988539139221,1.489685097558631765579662,0.6813957251881065380061386,0.0253243898986240806303627,0.02652826821914910232491636,-0.7309957556569476322394507,0,0,0,0,0,0,0,0,0
1403636679.263555526733398,1.462556845115684955871416,-0.2057619000942503550977136,1.495723916001974851397449,0.6812346637047538289166937,-0.006203678725230547287561311,0.052095210800811607432248,-0.7301828220949522219029859,0,0,0,0,0,0,0,0,0
1403636679.013555526733398,1.459004656279309086741591,-0.2059866826975374765051896,1.492089186485314078467468,0.6720737815396091718866955,-0.07100129454593177846799534,0.09421290043199548325247861,-0.731026379202609821739145,0,0,0,0,0,0,0,0,0
1403636678.813555479049683,1.459424212681455834683675,-0.2017884980526997718008886,1.489229327378377654156338,0.6946614107978227314887931,-0.08915885130439077377317858,0.1167532259140222627991079,-0.7041767599256212317726522,0,0,0,0,0,0,0,0,0
1403636678.613555431365967,1.45902016512056675878739,-0.1944654303612939894030376,1.49372519716897067532102,0.7204332277968590325656351,-0.1127063764732537803903156,0.1445280423369577904590955,-0.6688683703452948936529765,0,0,0,0,0,0,0,0,0
1403636678.313555479049683,1.454132902114594561027161,-0.1936801321277850096436168,1.468452143957647670902134,0.7259876487718942561500057,-0.1497148710879231681136758,0.1752955280863977283178912,-0.647918871152056041751166,0,0,0,0,0,0,0,0,0
1403636677.963555574417114,1.446962912201823048263805,-0.1863136832302449974463343,1.430479717174214293606838,0.7465017620267015985291437,-0.1790658260246270616633524,0.2135684341170423217182162,-0.6042011856978704020804116,0,0,0,0,0,0,0,0,0
1403636677.713555574417114,1.437021272485051737177741,-0.18443852224505710712954,1.391999192059796497389357,0.7241365479386255854521437,-0.2146101524090759660179373,0.2667150071968618085804792,-0.5986917789326263728000299,0,0,0,0,0,0,0,0,0
1403636677.563555479049683,1.431410892561142178536215,-0.1834400149912918109862403,1.369034334183572454435307,0.7147143281461318942149319,-0.2381815417925293998369085,0.2818696694809778580115278,-0.5941401011555144107134652,0,0,0,0,0,0,0,0,0
1403636677.363555431365967,1.422292810627788339772337,-0.1793215136460374892202196,1.338856330399741834114025,0.7165971257151115825223542,-0.2675069540270917367585923,0.2799380958566841659518332,-0.5801407115853293161578108,0,0,0,0,0,0,0,0,0
1403636677.013555526733398,1.408800251019783456030154,-0.1753998675458215417144459,1.273048134049290958103029,0.7390644152629862739800615,-0.2637572021280119027863975,0.2660387738850218397601566,-0.5598565062093585620317526,0,0,0,0,0,0,0,0,0
1403636676.813555479049683,1.400118704029089888862813,-0.1742748427733932237160275,1.234399210250534117960797,0.7356034090632675992438294,-0.2765580758405168926294948,0.264147473390360987277603,-0.5591326907707881987974474,0,0,0,0,0,0,0,0,0
1403636676.613555431365967,1.384502232594926551811909,-0.1714948159103924785195971,1.194529609525852853479932,0.7229344739520284779388248,-0.3047035052630213125546277,0.2690964729400737720510506,-0.5586667993944285370844227,0,0,0,0,0,0,0,0,0
1403636676.413555383682251,1.362791234380666294256912,-0.1741529885431178370502892,1.158798656658900583238392,0.7112421941555403526180612,-0.3382540222863273937647932,0.2938314419591063209047377,-0.5416473367226217749959005,0,0,0,0,0,0,0,0,0
1403636676.263555526733398,1.350928600160605341784503,-0.1681070930155123543947582,1.129480159658478255479963,0.7219677592050136594181708,-0.340482524154389121218145,0.3216904141167211683693949,-0.5092636602724912586737105,0,0,0,0,0,0,0,0,0
1403636675.813555479049683,1.342428357138839345452652,-0.1413500253113459392828588,1.029758739028882708055335,0.7036683726851068465535377,-0.3739690482170354712820881,0.3768588409803431127365059,-0.4722027109170723879749687,0,0,0,0,0,0,0,0,0
1403636675.563555479049683,1.306299095909772223222944,-0.1351775349962382188895305,1.00103503357732326328744,0.6996781752906674478609261,-0.4079562204723945484374781,0.3779012407657301730878885,-0.4485675199823181413805173,0,0,0,0,0,0,0,0,0
1403636675.363555431365967,1.277439528521915779180063,-0.1264770506226129409554915,0.9849130979407146879722745,0.7133554547495691844360977,-0.4233168642174025553259753,0.367209351219758339812671,-0.4208136422065205106690655,0,0,0,0,0,0,0,0,0
1403636674.513555526733398,1.198254649571950825048816,-0.1386347370939510215137602,0.9183019908614449278161374,0.7086072769013797012505051,-0.4031519463477527542849543,0.424820886081710313852966,-0.393537119261325119001782,0,0,0,0,0,0,0,0,0
1403636673.763555526733398,1.145486216168067006293541,-0.1370923753676176193305736,0.8644655932045340884783968,0.6903798376409097103945101,-0.4448831359272188423759076,0.4093738937456575244233647,-0.397325690375488593808484,0,0,0,0,0,0,0,0,0
1403636672.513555526733398,1.130679509717861908058012,-0.1685392826511747654816276,0.8941736642544737545534872,0.6578020229778032135214971,-0.5152604991834597303324017,0.4253587618398584901946435,-0.3476680085499836980744703,0,0,0,0,0,0,0,0,0
1403636672.113555431365967,1.162673873840897931231098,-0.1584436547577784959450753,0.9638368172782445508772753,0.6953929530459337371439688,-0.5057747671372251341281867,0.4032852702807773748183706,-0.3130199899264348717409234,0,0,0,0,0,0,0,0,0
1403636671.713555574417114,1.23856353189139145598574,-0.1674363876293554209695458,1.051205505616470192720158,0.6904641605789901825929178,-0.4760183294744277371357555,0.4433829205163504205700065,-0.316350082693685197288147,0,0,0,0,0,0,0,0,0
1403636671.413555383682251,1.31245725298394111391076,-0.1712222057044890111132673,1.122198378807392149525413,0.664140081835506435048444,-0.45425213444497325454563,0.5155605815788243395658696,-0.2945678879598370714099076,0,0,0,0,0,0,0,0,0
1403636671.063555479049683,1.394074065517886928944336,-0.1597005297396961731593024,1.193973043064428418702505,0.6368027750718199264667874,-0.4236448889692645547455641,0.60722457505961502377545,-0.2151407744518462894500743,0,0,0,0,0,0,0,0,0
1403636670.013555526733398,1.4688623719223239394438,-0.1374697947964516331342821,1.192506114056021804259444,0.5308215626661513253381486,-0.5489699921558165440771404,0.6367087583858600519093329,-0.107062446612024603220803,0,0,0,0,0,0,0,0,0
1403636669.663555383682251,1.445489829492692779311369,-0.1337629078110825209257939,1.150977876293762802717424,0.5063173471806184933186046,-0.5937261058654808021373128,0.6124503873514518526022243,-0.1266356657421587317280398,0,0,0,0,0,0,0,0,0
1403636669.363555431365967,1.416193921614279815912596,-0.1316416812494841936942436,1.120814189387105752615525,0.5187633469629608917728092,-0.5969518508099711517900232,0.6015033339053187377842846,-0.1128131579298886355555709,0,0,0,0,0,0,0,0,0
1403636669.063555479049683,1.38339448772427298095522,-0.1263347953765181774787862,1.098988451204388372417498,0.5185882585357832752492868,-0.6044878348839868298369993,0.593520537075919341063468,-0.1157325732362600584357537,0,0,0,0,0,0,0,0,0
1403636668.613555431365967,1.336029375836601751359467,-0.1321847253715955905484236,1.075410881894142134385106,0.5377041323874582889885687,-0.5960086700861659814165705,0.5874486533796005049978817,-0.1027230079156944420049058,0,0,0,0,0,0,0,0,0
1403636668.313555479049683,1.309759453056400957393635,-0.1397976953657107113127012,1.06318353368781393086806,0.5448811412004032073141957,-0.5920741753099332260745769,0.5845152381987883671854433,-0.1043774067095090546386515,0,0,0,0,0,0,0,0,0
1403636667.963555574417114,1.282918638391141286092534,-0.1395165232658106269081344,1.050244923807175823071702,0.5536069818889512994530833,-0.5765068010079879012863557,0.5915197005369374760874734,-0.1061303537483039710620503,0,0,0,0,0,0,0,0,0
1403636667.263555526733398,1.230848171246850863980171,-0.1347314344884974202098959,1.01470797095362619266723,0.5390731615755516292765037,-0.5836405463230758261516939,0.5951393799039681464790874,-0.120718542239173137753383,0,0,0,0,0,0,0,0,0
1403636666.863555431365967,1.200641391820617354113665,-0.1243707022138659940013738,0.9942011711227440873273054,0.5508621844363609243444557,-0.5842208656230807317655263,0.5866318954287538245395695,-0.1053556962911076089195461,0,0,0,0,0,0,0,0,0
1403636666.313555479049683,1.156376490715694815847314,-0.1053225656728541542728195,0.9542079389856000792846658,0.5288626921678269976467845,-0.5803077011002500951164507,0.6082063948765902283710716,-0.1167569642563449500149986,0,0,0,0,0,0,0,0,0
1403636665.563555479049683,1.071790715176015762466477,-0.07080726023963626603041632,0.8993758346261758740425307,0.5383367501757360118475049,-0.5928922613517190187693018,0.587120621178413126806106,-0.118159592834100754532578,0,0,0,0,0,0,0,0,0
1403636665.163555383682251,1.024071782515422412984663,-0.05267735953765358830613863,0.8746325901741006658696165,0.5442387889615867280213024,-0.590844712022031370857178,0.5851331849476010260602266,-0.1110218259726095391126677,0,0,0,0,0,0,0,0,0
1403636664.863555431365967,0.985877295964591171539837,-0.04459781562224830048224433,0.8536590631427398712105514,0.5261205068113233851434529,-0.5946112387473884153266113,0.5958789506307133887474947,-0.120676960110051995078706,0,0,0,0,0,0,0,0,0
1403636664.563555479049683,0.9452314097974564566229105,-0.04968551097720669273982708,0.8329859563450711101850743,0.5147497555491672427407934,-0.6033651622799544034236874,0.5979237810710733569408148,-0.1160616995553146180153448,0,0,0,0,0,0,0,0,0
1403636664.313555479049683,0.9099611072879445483607697,-0.0587666649265345258923432,0.818666138745149374322807,0.5106931712065772011044373,-0.6165604663915308369936952,0.5894456225566698792661668,-0.1077009716310426967744718,0,0,0,0,0,0,0,0,0
1403636664.063555479049683,0.8776064449917022614044981,-0.05991470929847773907450659,0.8135609241653696255269779,0.5111122140565743654505582,-0.6380974873546181314054593,0.5676805662541456465319811,-0.09661620079650247439051469,0,0,0,0,0,0,0,0,0
1403636663.863555431365967,0.8568423601864604277622561,-0.0624368391499172670222606,0.8137376075086181215212378,0.5260093642896573884470968,-0.6325685514847780854807979,0.5634062856577711775329931,-0.07579263431224521341267319,0,0,0,0,0,0,0,0,0
1403636663.613555431365967,0.8423660557289840422612315,-0.07295891993910194606165476,0.8133961586776979890700545,0.537103898687412928403262,-0.6166310219727733077377252,0.572333060408670601937331,-0.06099520201846994615912934,0,0,0,0,0,0,0,0,0
1403636662.963555574417114,0.8389381203972738898499983,-0.08924169477271361172743269,0.8006675394086903985169101,0.5322903837999395371127775,-0.5816073510756062381332754,0.6112316359597342874110382,-0.06925118977392853703012321,0,0,0,0,0,0,0,0,0
1403636662.763555526733398,0.8399688713169318754481196,-0.09287261779570593622779029,0.7873893920103663957021922,0.527559473831045844249843,-0.5843880530768407188801916,0.6118293440412488903845656,-0.07639691672657071552787755,0,0,0,0,0,0,0,0,0
1403636662.563555479049683,0.8409480631577086473527061,-0.09595928689688060231333111,0.7733013735436522484434363,0.5195618839254186882570252,-0.606373754872592707343415,0.5957269945054979309873033,-0.08646203133216583125442156,0,0,0,0,0,0,0,0,0
1403636661.863555431365967,0.8415101729878549097207951,-0.07381626732620936992557148,0.7382963981084310622904354,0.5133934153302476266489407,-0.5876949405065116094348809,0.6179263853011259799430377,-0.09596261404868368372067522,0,0,0,0,0,0,0,0,0
1403636661.663555383682251,0.8368664043371858429765098,-0.07336333751174975437159276,0.7280194565866512368401686,0.5118673045348598460435596,-0.5989828162733245031645879,0.6082549651377865407297918,-0.09611118158404023670282612,0,0,0,0,0,0,0,0,0
1403636661.263555526733398,0.8238870895450142173288555,-0.08779230450485586700892782,0.7086434701193426999310532,0.5071026921732733061531917,-0.6055996454728329592143155,0.6052394334173567536083738,-0.09889975123115132826789875,0,0,0,0,0,0,0,0,0
1403636661.063555479049683,0.8164586911950764136491898,-0.1045548046261717684002335,0.7006639978138148316944012,0.5053392915714199906673798,-0.6145851882631312435023574,0.5973246750628758983125977,-0.1006006464932472505013905,0,0,0,0,0,0,0,0,0
1403636660.863555431365967,0.8100941768921301466832574,-0.1206499465501197076999773,0.6971839788985357833084322,0.5069982338135073929308305,-0.6202045478497338892864832,0.5905090354638438121526178,-0.09797021523825362454562793,0,0,0,0,0,0,0,0,0
1403636660.563555479049683,0.8048100669555890984696589,-0.1371987027813079684790409,0.6998361281776415143696113,0.536324875954920066156717,-0.6107849473178924570859749,0.5787966352754512211475912,-0.06551200756519913459552384,0,0,0,0,0,0,0,0,0
1403636660.413555383682251,0.8057843300050614443463814,-0.1443957254940528567299651,0.7020604895319588756308349,0.5367621991014916993378847,-0.6097084568924916458954044,0.5796152392465976355140356,-0.06471571422885175062233998,0,0,0,0,0,0,0,0,0
1403636660.263555526733398,0.8094047455721617989610195,-0.1543246995523509246250882,0.7029294185441781195322619,0.5271626256271897403848925,-0.6072184491230315783738547,0.5895918923488840945879019,-0.07593907495165906629264185,0,0,0,0,0,0,0,0,0
1403636660.113555431365967,0.8159166132857881281736923,-0.1659539244844583649740599,0.7030571532146651092531897,0.5232184554813915644544409,-0.6060033173365035885638008,0.5936591224672977951115627,-0.08106362569046580979215122,0,0,0,0,0,0,0,0,0
1403636659.913555383682251,0.8263555618619242704170347,-0.1798880312743804110731105,0.7046941464052072223722689,0.5149949272250387011240491,-0.602655284062882601325839,0.6023826560302952826120304,-0.09339154153915410483399739,0,0,0,0,0,0,0,0,0
1403636659.763555526733398,0.8348144644001753711393121,-0.1882942723350236047252793,0.7074989928146036000100594,0.5155556235799848563416958,-0.6018830236938788047496018,0.6022517054419352922067787,-0.09608365790816376927896414,0,0,0,0,0,0,0,0,0
1403636659.513555526733398,0.8510401235671551933847923,-0.1991334913474132328747856,0.7173013301668185182080606,0.5204499000044995327129982,-0.6016125521054344060800645,0.5986261679252874445822385,-0.09402646019464391824449478,0,0,0,0,0,0,0,0,0
1403636659.363555431365967,0.8612478131392919955544585,-0.205966170533295162003995,0.7241098177224386533978873,0.5143897906592815871817947,-0.5976174185777746172831826,0.6069004918278404492326672,-0.09964112378215923826463296,0,0,0,0,0,0,0,0,0
1403636659.163555383682251,0.8755635696444253879278108,-0.2216557867191180641874837,0.7334163611443070829309931,0.5114288073046339144767103,-0.5986606974181740703500054,0.6079813496283643647899453,-0.1020031325352872414446992,0,0,0,0,0,0,0,0,0
1403636658.863555431365967,0.8969943272964144842518408,-0.2454399621322231606068698,0.753960389027539701345404,0.5177429670107118742095054,-0.612313373608437849782149,0.5897631653233277315706573,-0.09588517843375556071183752,0,0,0,0,0,0,0,0,0
1403636658.713555574417114,0.9100761735926109485816937,-0.254167285193220904293554,0.7666924058480654169400736,0.5259116066177976778206471,-0.6067707358093675784616039,0.5894180946539475662859786,-0.08850184942744718230578371,0,0,0,0,0,0,0,0,0
1403636658.613555431365967,0.9195886854336652316277423,-0.2599866584565054261624084,0.7761922493190114291650161,0.5282235560133464735699249,-0.6039903959749530759637537,0.5904398810976446698717268,-0.08692643933482903373377582,0,0,0,0,0,0,0,0,0
1403636658.413555383682251,0.9409168453620174732421333,-0.2707738042514000742500002,0.7964912970009008219562929,0.5334353585701996358636734,-0.5920835705259633874320002,0.5982575903899762792548245,-0.08349618311886357335804831,0,0,0,0,0,0,0,0,0
1403636658.213555574417114,0.965105626616971523645816,-0.2791628653943267202031109,0.8180888589320182147091032,0.53765112837164130699108,-0.5812907996291957202217304,0.6052133875683779473675372,-0.0821524546775395381192908,0,0,0,0,0,0,0,0,0
1403636657.963555574417114,0.996421001175077591938134,-0.2878384616293649389540121,0.8396306919309457494904336,0.545708718347340360210751,-0.5643185558471792706569659,0.6140959220532502538247854,-0.08144193914329080075109601,0,0,0,0,0,0,0,0,0
1403636657.713555574417114,1.027363745352143142852697,-0.3043555350726160901864148,0.855040293734654177626453,0.5420221365415461844960987,-0.57080238374230152231803,0.6092082822289811572247231,-0.09623886646498192032339603,0,0,0,0,0,0,0,0,0
1403636657.413555383682251,1.061985777018754628642228,-0.3177123717077806608344304,0.8709492423303399899481292,0.5324902032409285501657337,-0.57131211199507569986622,0.6152706485198577990303193,-0.1072318547675799454976797,0,0,0,0,0,0,0,0,0
1403636656.963555574417114,1.104986248017477912242157,-0.337613378630672811286928,0.8958883006288006489725717,0.5178806823766402001041342,-0.5842231663668231433916844,0.6142266141536686374635678,-0.1149285749294191999458903,0,0,0,0,0,0,0,0,0
1403636656.763555526733398,1.11995621368927755767686,-0.342247721167268814657092,0.910800335238433289575255,0.5248049232728885238330463,-0.5844783228287546705814748,0.610485399970196906949127,-0.1013529996265334354177412,0,0,0,0,0,0,0,0,0
1403636656.463555574417114,1.142694500535714086097983,-0.3418213441743902514247111,0.9371508267832759919713226,0.536030771011794748837076,-0.5864405118991793397498213,0.6015843790712260830133573,-0.08279334010356137474317961,0,0,0,0,0,0,0,0,0
1403636656.263555526733398,1.159287395562542233307113,-0.3440457680810967144857671,0.9515526475651576721048741,0.5375138249012270108551093,-0.5832926222369099189535291,0.6024984720707545760021162,-0.08856736230996502257095671,0,0,0,0,0,0,0,0,0
1403636656.063555479049683,1.178695780131327808248898,-0.3510889036436314336597775,0.9615420355814704445052143,0.5483400451956438326206467,-0.5711134568656255350305173,0.6019967189756899594854644,-0.1036947546452044455200792,0,0,0,0,0,0,0,0,0
1403636655.563555479049683,1.230443569336138853742568,-0.379300173202291923679752,0.9734766281238832474898004,0.5701626861535681323189806,-0.5468028198385020965943681,0.5847733349474002473300516,-0.1842859732785996351722702,0,0,0,0,0,0,0,0,0
1403636655.313555479049683,1.250563513793494729853251,-0.3862688412546786964618661,0.9800482744091347786508095,0.5799671992822220678576173,-0.5398463132867797886760286,0.5743447797227869688896362,-0.2057475844536244269367131,0,0,0,0,0,0,0,0,0
1403636655.113555431365967,1.262019019578252132518514,-0.3937698935747085959846459,0.9871388330588557469269517,0.5872111710127048134211236,-0.5419582900598963748350911,0.5647112180990917496004045,-0.206314106574395056403759,0,0,0,0,0,0,0,0,0
1403636654.963555574417114,1.268873375354105714762909,-0.3983527477564354213335207,0.9943536663625422988843638,0.5968105259451518262991954,-0.543801497350521745310914,0.5538660901461999186423668,-0.2032964904076284828882137,0,0,0,0,0,0,0,0,0
1403636654.563555479049683,1.291682485878863584360943,-0.401247234397607732692137,1.018334949689707835673858,0.6136635015149901617448336,-0.5240659325005332380698064,0.5383614590264267363295403,-0.2427734672111702962649105,0,0,0,0,0,0,0,0,0
1403636654.413555383682251,1.300956223893060315077719,-0.4010432982244270250227203,1.02881048969502053580527,0.6255275508703855846803776,-0.5085269354802250951763654,0.5287839658250282903750872,-0.2655243068793411986838748,0,0,0,0,0,0,0,0,0
1403636654.213555574417114,1.310467100104822035788743,-0.4046091701222471748167209,1.040691360583109847937067,0.6360325837163050000100384,-0.4911853940778304061787196,0.5213763013392120893030324,-0.2869951484639640670870619,0,0,0,0,0,0,0,0,0
1403636653.613555431365967,1.315123290171342329557547,-0.4198471855299369948077981,1.083536286013670579819745,0.6372511520318118183325851,-0.4984239150403794726962303,0.5124373180948400552381372,-0.287910653980465502943531,0,0,0,0,0,0,0,0,0
1403636653.313555479049683,1.310591305794997163403082,-0.425119337922590379008625,1.109653753000062526012925,0.634913678039659590268684,-0.5054952420548611824457907,0.5149077348183520586033524,-0.2760963759756848712179078,0,0,0,0,0,0,0,0,0
1403636652.763555526733398,1.307375882530789068525223,-0.439643373668094805672979,1.163078340600062432486084,0.6535645979155252360826012,-0.5127589952121548444452515,0.4978516394252542331955169,-0.2491491020950703239034141,0,0,0,0,0,0,0,0,0
1403636652.613555431365967,1.312804531593913859310874,-0.4464862685870025771350811,1.177896480566273051948656,0.6561864569090699594866578,-0.5021065412014525941586385,0.4986896684341154961650489,-0.2619484173593715214956035,0,0,0,0,0,0,0,0,0
1403636652.463555574417114,1.321505358586399836440251,-0.4559649556221834765246115,1.190706129628643417106559,0.6603298435472680916191734,-0.4865499886449249355990787,0.4935204782646469001683442,-0.289259657568937567084788,0,0,0,0,0,0,0,0,0
1403636652.313555479049683,1.3341757367094710939881,-0.4675971544119823519736201,1.202919561569401052381068,0.6708569300099338494902668,-0.4597510830978119300560536,0.4803219981009180239439615,-0.328436712892517523876279,0,0,0,0,0,0,0,0,0
1403636652.163555383682251,1.345424194384163163462631,-0.4792228825576346773473801,1.21701092254444942497571,0.684282995159907869719973,-0.4236098737186782536845442,0.4649752684806679470241875,-0.3689301698960855691034055,0,0,0,0,0,0,0,0,0
1403636651.513555526733398,1.368528136220714452875313,-0.5065513862067230199670576,1.264257576427767482130093,0.7029084265880647386381952,-0.4005519083411130387695209,0.4143737438673884554418692,-0.4168600848469477537783234,0,0,0,0,0,0,0,0,0
1403636651.163555383682251,1.368629053432603104312193,-0.5033266918698408032284419,1.28694432942991898727314,0.6954250105568688944401856,-0.4002926429135465480335654,0.4287802199431997585143961,-0.4150871732973334116145736,0,0,0,0,0,0,0,0,0
1403636650.713555574417114,1.36366672462391358422451,-0.5122570152303165258445006,1.314757196609512179819035,0.7085775053765349662526773,-0.3960130003997623382439031,0.4065834984459283374391703,-0.4192630250780856049352963,0,0,0,0,0,0,0,0,0
1403636650.363555431365967,1.361415050554865224796686,-0.527298936756808056536272,1.338625159951077225883864,0.7185550134392407750638654,-0.3432423991657880257832858,0.3772021969475224389967138,-0.4728444345818389460411879,0,0,0,0,0,0,0,0,0
1403636649.513555526733398,1.316253529946745270962083,-0.5085795076879676690495558,1.396089915806155046240633,0.7334030662729632554786008,-0.3087746867443254550344989,0.3198371565208787403733481,-0.5142784734953387282274662,0,0,0,0,0,0,0,0,0
1403636649.163555383682251,1.284998687567494135564061,-0.4887746628933023473884134,1.412859837226447146107944,0.7357335187010531907247923,-0.3174409899485798325358132,0.3219725724918803266838552,-0.5042430782335924899228985,0,0,0,0,0,0,0,0,0
1403636648.463555574417114,1.227382713572337635810072,-0.4995811462452739992734507,1.434560977003275228369716,0.7441667427850449101356389,-0.2608729549179431006500351,0.2898821179208772025326368,-0.5423370917904083432503626,0,0,0,0,0,0,0,0,0
1403636648.163555383682251,1.201066345890213327152196,-0.5143275976012712247253944,1.440663398725659627430673,0.7481752787215882882776441,-0.2100491594113151894163138,0.2379443348616300524245304,-0.5826625258134174867308275,0,0,0,0,0,0,0,0,0
1403636647.813555479049683,1.166316608058094228539403,-0.5148630702094937339197145,1.441273870803959633590807,0.7490194438541165622424955,-0.1706672631608487367138594,0.2052755163087763012885745,-0.6063864417037244658459372,0,0,0,0,0,0,0,0,0
1403636647.413555383682251,1.123093338180638278700485,-0.5031673886903206271981048,1.424403897426281817573113,0.7481293173644883998107957,-0.1791325544258819679743766,0.1980588565895383124093598,-0.6074428059570614601980765,0,0,0,0,0,0,0,0,0
1403636646.813555479049683,1.053675154968479965589268,-0.4664140223402540308406117,1.388226446953836346054345,0.7448906146225471314181732,-0.1702750654597894042208139,0.2044727848584754203997704,-0.6118294317006695015592754,0,0,0,0,0,0,0,0,0
1403636646.513555526733398,1.017668612293300300919441,-0.4446754281315564716337008,1.365160164697457600979646,0.7505799769381318320426999,-0.1387616990048100296117894,0.1805233781052387465049236,-0.6203113785827147896867473,0,0,0,0,0,0,0,0,0
1403636646.213555574417114,0.9814936928077133693193446,-0.4277818410978274643596819,1.335879624143620381104824,0.7466119319243754715031969,-0.1034009341729306419299661,0.1102551072036163093414984,-0.6478600849627056401658365,0,0,0,0,0,0,0,0,0
1403636645.963555574417114,0.9532242156820490697199943,-0.4106529316619225711271213,1.307186407059950816744731,0.7336828313312655502897996,-0.0972373129452933776528667,0.07495428687286929958499826,-0.6683085263179447954584589,0,0,0,0,0,0,0,0,0
1403636645.713555574417114,0.925252430412811577298271,-0.3992695306751944395173837,1.273320087989873838907329,0.730498043833975096994493,-0.1014194610272876051482172,0.07153653933906062301062434,-0.6715424236763614107559306,0,0,0,0,0,0,0,0,0
1403636645.463555574417114,0.8992341697614639750568699,-0.3937664442621510163533571,1.242894805747650321947617,0.7326556928786183142676691,-0.1062871189906055974239152,0.06388893706497923707932074,-0.6692061529536802444440013,0,0,0,0,0,0,0,0,0
1403636644.913555383682251,0.8445264433858632457940985,-0.3993916203253354280100496,1.194424996078928380427442,0.7268833992575323144080812,-0.07498725716367952986995959,0.09284724832710769537591489,-0.6763111948531358441627503,0,0,0,0,0,0,0,0,0
1403636644.613555431365967,0.8159981142831678191384981,-0.407227412989749182337107,1.168866398661433603223259,0.7516996264147179918069241,-0.05813323855577350041112794,0.08811283632720552649875145,-0.6510025746724921180685897,0,0,0,0,0,0,0,0,0
1403636644.363555431365967,0.7967092988880682957741897,-0.410069810931741329795841,1.143876723468126854754701,0.7424307749661278599262459,-0.07720149910706103346669238,0.07542158408719019935251282,-0.6611717451729253181014201,0,0,0,0,0,0,0,0,0
1403636644.063555479049683,0.7771137588706058529908205,-0.4042614324254151791926404,1.119495722058020392708499,0.7309150509730384381867907,-0.1030740526342919238800278,0.05724979403383360226920118,-0.6722063674773981478693941,0,0,0,0,0,0,0,0,0
1403636643.713555574417114,0.7592191997109417611611093,-0.3882800847459828008645388,1.103855942625733055351134,0.7331889897918635323748049,-0.09399525100175902536658867,0.06687728600416785462723368,-0.6701688083038259691193161,0,0,0,0,0,0,0,0,0
1403636642.713555574417114,0.7220791584404758767234966,-0.3791888387555109596327441,1.080536440614023652173614,0.7293836377219483635414576,-0.08335805736592448444977066,0.08429939170217455590705669,-0.6737540817525681235977686,0,0,0,0,0,0,0,0,0
1403636642.413555383682251,0.7134084920567826948456513,-0.3846836196502734228630516,1.074953809407074523107894,0.7244629003085842899878344,-0.06121849965826933748225258,0.08591592885400646528726298,-0.681193257427920695334933,0,0,0,0,0,0,0,0,0
1403636642.163555383682251,0.7043009335183032515459445,-0.3803530579777918974038187,1.07187570675886023607859,0.7197366152259558891302049,-0.05002095568485169507777499,0.07090541904227110059366623,-0.6888029702253714026127795,0,0,0,0,0,0,0,0,0
1403636641.913555383682251,0.6946548687092853890945321,-0.3709510369402542750982832,1.068816659422864301376421,0.7165134887396240603862907,-0.03899977970757369238885559,0.05418625596258008769723347,-0.6943711459049966006062959,0,0,0,0,0,0,0,0,0
1403636641.613555431365967,0.681864985047254679173534,-0.3645721311681787146774525,1.057432508071341148436773,0.7192310337648976092950193,-0.03714003786572567938906175,0.05073689090229630688222429,-0.6919198738593651532013951,0,0,0,0,0,0,0,0,0
1403636640.913555383682251,0.6488952207354508061598608,-0.3623960515761804890289,1.015078894027362288454697,0.7137356233763606505604571,-0.03881474404981507392298212,0.0466019759710928904716809,-0.6977844544257620906790862,0,0,0,0,0,0,0,0,0
1403636640.663555383682251,0.6349304150836282412129208,-0.3596161610642806261139981,0.997657047497757965004439,0.7140342635470768861694069,-0.0367308170900167221817334,0.05258773158063274194562453,-0.6971660192523253529728322,0,0,0,0,0,0,0,0,0
1403636640.363555431365967,0.614551501614396866735035,-0.3520877150821648537970532,0.973710485920521451319587,0.7168916737042965170445541,-0.04306348295069625103925759,0.0599223088736264980491697,-0.6932684687691015312793752,0,0,0,0,0,0,0,0,0
1403636640.063555479049683,0.5926000901465950931878979,-0.3369254919619318333623426,0.9465767265536789709656773,0.7238365327974001228739098,-0.05690496723161436731786011,0.07588247576513602876691067,-0.6834210733069983056964247,0,0,0,0,0,0,0,0,0
1403636639.263555526733398,0.5228791099953800092237088,-0.3277038323142481002214765,0.859763481951004160386276,0.7493847295290813059764901,-0.06404351055071662301987345,0.05974600616215253873209079,-0.6563165125677378197721623,0,0,0,0,0,0,0,0,0
1403636638.863555431365967,0.497828849460965672246715,-0.3118992733008551510032191,0.8193958481862498866021838,0.7298784873242759596578821,-0.07894036008880470078885594,0.06008945112849892883355452,-0.6763394692323358992069871,0,0,0,0,0,0,0,0,0
1403636638.463555574417114,0.481103814415497987866388,-0.3033686451643134995848072,0.7833294216795124720320587,0.7368914027361688212636182,-0.07917750578967509833550054,0.0566400618690541118871451,-0.6689647751100550321368132,0,0,0,0,0,0,0,0,0
1403636638.063555479049683,0.4705601395379385154527085,-0.3016682189450924922446973,0.7505846117987096111079381,0.7240493859538164045375197,-0.06978203532606822023787174,0.07778629497343227117145403,-0.6817860667621089554302216,0,0,0,0,0,0,0,0,0
1403636637.713555574417114,0.4618588893851989785055423,-0.2773329789193093031229864,0.7286998556966529649869813,0.7259335667215284226827521,-0.08029685590191051880459838,0.07006456881362496669218842,-0.679458471676690267671006,0,0,0,0,0,0,0,0,0
1403636637.163555383682251,0.4457575875129806686203437,-0.2629441622671836453761784,0.6886108623174479470563369,0.7220482315380746252131416,-0.07434661001135159374975103,0.08734461250912212149088987,-0.6822681825160396007490249,0,0,0,0,0,0,0,0,0
1403636636.813555479049683,0.4278356370289648213933731,-0.2613373701339174459690184,0.6592339169818536293021793,0.7024709477566000170867255,-0.07519722944681400678135219,0.1063459634133451375825885,-0.6996931348764776625870354,0,0,0,0,0,0,0,0,0
1403636636.463555574417114,0.3981432771464942232952922,-0.2365677241170394684566247,0.6304078931077784497816197,0.7232476358433338470277363,-0.06739535174428361308240909,0.1000914087708491412298528,-0.6799650137199626520612128,0,0,0,0,0,0,0,0,0
1403636635.813555479049683,0.33496628811757012122996,-0.1718954551076229408934637,0.5744650169225161695507609,0.7398920386853132802329469,-0.07638303236029329867928794,0.07689003324505465364335777,-0.6639377388855408623768994,0,0,0,0,0,0,0,0,0
1403636635.513555526733398,0.3122483657329693240711777,-0.1527646780242022939155788,0.5430858867750664176199393,0.7344016281029449588757529,-0.08433311669240475816344826,0.06917959198908678331019217,-0.6698927962987181183862617,0,0,0,0,0,0,0,0,0
1403636635.213555574417114,0.2903410118100316905653813,-0.1442642887017982489261669,0.5108300848729372400924831,0.7243780283468923553158447,-0.08844379139086259999924522,0.07812721213803257291896642,-0.6792277293410482474911305,0,0,0,0,0,0,0,0,0
1403636634.863555431365967,0.2637431057509337373190306,-0.1273208839942102932329959,0.4755645786021092114026487,0.7273958333556487243498623,-0.09233832927948135149698317,0.0970817112197973619558411,-0.6730112080220357340110127,0,0,0,0,0,0,0,0,0
1403636634.563555479049683,0.2369926181851149393775557,-0.1169878806113392177845611,0.4427664922459842444801836,0.7328918901412556641261631,-0.1022297019943868290337008,0.1132474727603583058987979,-0.6630185547654885436230643,0,0,0,0,0,0,0,0,0
1403636634.263555526733398,0.209606121965945024765432,-0.100091296572346652449248,0.4126792845978292101349894,0.7449981577176228997316798,-0.1147060746391659752374537,0.0996013583340458474868484,-0.6495381720666582037182479,0,0,0,0,0,0,0,0,0
1403636633.913555383682251,0.1808796684746693250733784,-0.08643584483657408557011337,0.3788638856439004443110719,0.743693322799711453718885,-0.1146943079629443029698876,0.09742799562605707064388838,-0.6513626179443755548348349,0,0,0,0,0,0,0,0,0
1403636633.663555383682251,0.1648296070266193347197969,-0.08086752047500685158798461,0.3549851781034867315156589,0.7385167446949907343878294,-0.1141376129035797520883122,0.09071054560115113241103302,-0.6582835501031025771112581,0,0,0,0,0,0,0,0,0
1403636633.113555431365967,0.1308448827028234340286161,-0.07580707099892940170615674,0.3059477745388464731135514,0.7314005259137716929984663,-0.1191095956360530699891243,0.1147523060363112579196354,-0.6615875456279499688960755,0,0,0,0,0,0,0,0,0
1403636632.913555383682251,0.1173983554738541323914092,-0.06765135823397086523023347,0.2898192764688738987111094,0.7447075238679128350582914,-0.1426584560990462879903617,0.1318953173302411241429866,-0.6384848399103406624277568,0,0,0,0,0,0,0,0,0
1403636632.663555383682251,0.101711192387485327426333,-0.06438300760744568307369917,0.2667399965255231597538454,0.7531885078939233313377599,-0.1775022593832836226290794,0.1622399221361218724091202,-0.6122729927574394048761519,0,0,0,0,0,0,0,0,0
1403636632.213555574417114,0.07736695470118773454437644,-0.0664839764044937719944528,0.2357077825760378608777046,0.7338818288203603490416072,-0.1813514927504226992294178,0.1863577868312610852363775,-0.6275347544381475461960918,0,0,0,0,0,0,0,0,0
1403636631.963555574417114,0.06086103271596817604338625,-0.06039099527490458807488238,0.2240356060735937682171226,0.7386600477867946157317647,-0.181332548817823097087043,0.1816983746542453759253988,-0.6232860867964039597310943,0,0,0,0,0,0,0,0,0
1403636631.713555574417114,0.04204108610530096767909924,-0.05688525173368026710551959,0.2107090458703672064544321,0.740738943088151247096107,-0.1797749593255213163001116,0.1843027762390623824906299,-0.6204992024802480354850331,0,0,0,0,0,0,0,0,0
1403636631.463555574417114,0.02136506328587511188699111,-0.05854536916569432619672497,0.1963333515910508086932396,0.7438161337372745096629956,-0.1791598304333884839056878,0.1871642145199115259135425,-0.6161240721989806878866602,0,0,0,0,0,0,0,0,0
1403636631.113555431365967,-0.008606129488134321714465358,-0.05646337832169086995426355,0.1757823150713653248544688,0.7455520805225547276151588,-0.1835460728662061391514015,0.1853566052591199553312151,-0.6132747124099278135389568,0,0,0,0,0,0,0,0,0
1403636630.913555383682251,-0.02601198294356507623170671,-0.05357180520612769836219513,0.166140864206987898255008,0.7439347139857261925754983,-0.1886984842821175789584487,0.1850704380862884801395296,-0.6137613132266184212681992,0,0,0,0,0,0,0,0,0
1403636630.613555431365967,-0.05350640479440986474468644,-0.04336374768664415235708276,0.1539854765079157472573712,0.741474871921961820042668,-0.1937567057271628312431488,0.1928108136522313775795823,-0.612778383116709512989928,0,0,0,0,0,0,0,0,0
1403636630.313555479049683,-0.08153947643783418519625172,-0.02966868749181495595879099,0.1452087650362248738566961,0.746299795359362083679855,-0.1852761976173082358876343,0.1989826237583770529582239,-0.6075485626237473457678107,0,0,0,0,0,0,0,0,0
1403636630.163555383682251,-0.09522806961738626563285237,-0.02654592664545955132959776,0.1413146162245705328430745,0.7494336745022371903957037,-0.1901142999344882789092281,0.1810316224791260197868326,-0.6078102382741206177740878,0,0,0,0,0,0,0,0,0
1403636629.863555431365967,-0.1201148648153272796568203,-0.03135715340140562967796711,0.1342555401875598075633889,0.7505646339977865011405811,-0.1683141031080299110378462,0.1431715747778904423981317,-0.6227559747156674596624271,0,0,0,0,0,0,0,0,0
1403636629.713555574417114,-0.1308744792065514306322882,-0.03642804213131987933760314,0.1326161134526258889021477,0.7492484255538509607674769,-0.1383118170743470320971369,0.1280321192931361540257029,-0.6349050479579637640270562,0,0,0,0,0,0,0,0,0
1403636629.563555479049683,-0.1403696860220733366730883,-0.03996562251788195879731447,0.1316422259018793505802591,0.7472309642266712348401825,-0.1100950677665769456003986,0.1186394967355226676142266,-0.6445538224381438530130595,0,0,0,0,0,0,0,0,0
1403636629.413555383682251,-0.1494888377069140128483582,-0.04215838136506077499232603,0.1305480364096922585304128,0.7392969752697050589418382,-0.1042868232349509483025685,0.1032684612847375171806874,-0.6571908946969741149857214,0,0,0,0,0,0,0,0,0
1403636629.263555526733398,-0.1574208261419313692464073,-0.04108039241989983048064516,0.1300808186133051436161878,0.7335794956895689278297823,-0.103188539328047168552871,0.08984590187700237928769553,-0.6656883472782006982981784,0,0,0,0,0,0,0,0,0
1403636628.963555574417114,-0.1733289880657360726434746,-0.0353243373605075308696577,0.1314382713770589350410489,0.7312520445599899332478344,-0.0855296786198079805885186,0.07507109160698885452767115,-0.6725469952941913742705538,0,0,0,0,0,0,0,0,0
1403636628.863555431365967,-0.1782053202019860393967576,-0.03510135965806797375687864,0.1318592114932218006817521,0.7320464887097404282911839,-0.07435894886290800309680549,0.07543561324476300011809826,-0.6729696591829460450284728,0,0,0,0,0,0,0,0,0
1403636628.763555526733398,-0.1827992246408176035821214,-0.03488027472414530899547103,0.1325282619479548340546415,0.7346370141430536016002861,-0.06196227428286033706017477,0.07513181689595646584045596,-0.6714345385000040078438133,0,0,0,0,0,0,0,0,0
1403636628.463555574417114,-0.1940234405122387983944066,-0.02889075278577514505062851,0.1322783057306544385323122,0.7353666094445558965020382,-0.05804613406017623822297224,0.07793164566106354496088926,-0.67066627891032981612085,0,0,0,0,0,0,0,0,0
1403636628.213555574417114,-0.2007967855459521777650167,-0.01980985838058645781556422,0.1318084231508603043625527,0.7260011312014014173144005,-0.06955701636343815386087641,0.06867767954793635443166977,-0.6807110578548243307039911,0,0,0,0,0,0,0,0,0
1403636628.113555431365967,-0.2030513399924975259658311,-0.01685413856082192823881982,0.1321913893883196744472031,0.7242869791372783527805268,-0.07985269806427075511834346,0.05376020035069265651239689,-0.6827457576805104899619892,0,0,0,0,0,0,0,0,0
1403636627.963555574417114,-0.2062491062977838129910424,-0.01551442685081086403364736,0.133153810972227670816892,0.7235828113608950840074385,-0.07789972944925070696964298,0.04098489393147149162377474,-0.6846019203006433739844283,0,0,0,0,0,0,0,0,0
1403636627.613555431365967,-0.2128766261073996579611389,-0.02208366976971914974470224,0.139409441569003506034008,0.7183944462182626500279525,-0.02864737197631551240961656,0.03817528143333811380122356,-0.6939966971447758536939432,0,0,0,0,0,0,0,0,0
1403636627.113555431365967,-0.2195466039804526703349552,-0.01315192345283594868576849,0.1526613779420627758920403,0.712147118003835677413349,-0.03176157864429658000959833,0.02523951683931973180574637,-0.7008570830484016633832312,0,0,0,0,0,0,0,0,0
1403636626.563555479049683,-0.227982980303147841905087,-0.0199547644966822125545125,0.1546896932390823820036019,0.7190699086309373377901011,-0.0148178178691127440669284,0.04586825999634034506380331,-0.6932640247723624860043401,0,0,0,0,0,0,0,0,0
1403636626.113555431365967,-0.2299645923936178837365674,-0.001445970039062775130966898,0.1533299056811426863689007,0.72000413402667307050109,-0.02400579117393840042349318,0.03974924752253910370525247,-0.6924144470456817801462535,0,0,0,0,0,0,0,0,0
1403636626.013555526733398,-0.2293450295779609349189343,0.006488738238000692909457356,0.1536718870895403266096935,0.713758645598765339990166,-0.0285992439069232828874334,0.04033531341174848711128575,-0.6986442180530640921887198,0,0,0,0,0,0,0,0,0
1403636625.913555383682251,-0.2286298134527260383919156,0.01560896866078766154206647,0.1540474532837018684094943,0.7128092072914403720673704,-0.03343757655670087647337141,0.03737683831023873304300054,-0.6995626843852361664843897,0,0,0,0,0,0,0,0,0
1403636625.863555431365967,-0.2282327663002411410886339,0.01981952781738669303046585,0.1539753033820016048238699,0.7122022481891820966382056,-0.03660336620128136486673753,0.03512532126273752719480825,-0.7001388089257090108219472,0,0,0,0,0,0,0,0,0
1403636625.313555479049683,-0.227391445346548370931572,0.03064783207267315207067426,0.1502320396885904740802431,0.7122946887347061384332392,-0.05303358246175820384094024,0.0286899841005275151040177,-0.6992857837573174251133423,0,0,0,0,0,0,0,0,0
1403636625.213555574417114,-0.2277405187255100993404255,0.03422910311325677579219473,0.1528579779683010841928592,0.7083463409023394996566481,-0.06070771094426545555489128,0.02483907831599763485486143,-0.7028108440351142904845005,0,0,0,0,0,0,0,0,0
1403636625.163555383682251,-0.2280326868853624344701814,0.03617077552783850430406787,0.1542810949495041494827774,0.7058670403512301572135357,-0.06324751200689972263635497,0.02478907953089267215962543,-0.7050793984620250531847319,0,0,0,0,0,0,0,0,0
1403636625.063555479049683,-0.2290598457369736329347631,0.03940982403148278467863719,0.1573918002609104027644804,0.7028053571289348822048737,-0.05970734251936038461394674,0.03175128290658657537193221,-0.7081606526288874992047795,0,0,0,0,0,0,0,0,0
1403636625.013555526733398,-0.2295835743884296065164818,0.04106148035536114765386984,0.1593406122659700441257513,0.7047988654563559496324388,-0.05438762637106285546817475,0.03579561353557361019772642,-0.7064129251753301641514327,0,0,0,0,0,0,0,0,0
